{
	"info": {
		"_postman_id": "e1feaa6b-2a16-4bfc-a9e2-77f4bb0603eb",
		"name": "sessionauth",
		"schema": "https://schema.getpostman.com/json/collection/v2.1.0/collection.json"
	},
	"item": [
		{
			"name": "Get CSRF Token",
			"protocolProfileBehavior": {
				"disableBodyPruning": true
			},
			"request": {
				"method": "GET",
				"header": [],
				"body": {
					"mode": "raw",
					"raw": "",
					"options": {
						"raw": {
							"language": "json"
						}
					}
				},
				"url": {
					"raw": "http://127.0.0.1:8000/api/account/csrf_cookie/",
					"protocol": "http",
					"host": [
						"127",
						"0",
						"0",
						"1"
					],
					"port": "8000",
					"path": [
						"api",
						"account",
						"csrf_cookie",
						""
					]
				}
			},
			"response": []
		},
		{
			"name": "Registration",
			"request": {
				"method": "POST",
				"header": [
					{
						"key": "X-CSRFToken",
						"value": "K3FE1l6DLiglUH55pKkk0kJblFjRBMMU",
						"type": "default"
					}
				],
				"body": {
					"mode": "raw",
					"raw": "{\r\n    \"email\":\"user@example.com\",\r\n    \"password\":\"Hello123456\",\r\n    \"confirm_password\":\"Hello123456\",\r\n    \"name\":\"Raj\"\r\n}",
					"options": {
						"raw": {
							"language": "json"
						}
					}
				},
				"url": {
					"raw": "http://127.0.0.1:8000/api/account/registration/",
					"protocol": "http",
					"host": [
						"127",
						"0",
						"0",
						"1"
					],
					"port": "8000",
					"path": [
						"api",
						"account",
						"registration",
						""
					]
				}
			},
			"response": []
		},
		{
			"name": "Account Activation Confirm",
			"request": {
				"method": "POST",
				"header": [
					{
						"key": "X-CSRFToken",
						"value": "K3FE1l6DLiglUH55pKkk0kJblFjRBMMU",
						"type": "default"
					}
				],
				"body": {
					"mode": "raw",
					"raw": "{\r\n\r\n    \"uid\":\"NA\",\r\n    \"token\":\"bq0bzm-c8e0dca1995f546d4391c10cdfccb149\"\r\n}",
					"options": {
						"raw": {
							"language": "json"
						}
					}
				},
				"url": {
					"raw": "http://127.0.0.1:8000/api/account/activate/",
					"protocol": "http",
					"host": [
						"127",
						"0",
						"0",
						"1"
					],
					"port": "8000",
					"path": [
						"api",
						"account",
						"activate",
						""
					]
				}
			},
			"response": []
		},
		{
			"name": "Login",
			"request": {
				"method": "POST",
				"header": [
					{
						"key": "X-CSRFToken",
						"value": "yQkhVVbuEKDW28wSwof5IlXpT8MovUeh",
						"type": "default"
					}
				],
				"body": {
					"mode": "raw",
					"raw": "{\r\n    \"email\":\"user@example.com\",\r\n    \"password\": \"Hello123456\"\r\n}",
					"options": {
						"raw": {
							"language": "json"
						}
					}
				},
				"url": {
					"raw": "http://127.0.0.1:8000/api/account/login/",
					"protocol": "http",
					"host": [
						"127",
						"0",
						"0",
						"1"
					],
					"port": "8000",
					"path": [
						"api",
						"account",
						"login",
						""
					]
				}
			},
			"response": []
		},
		{
			"name": "Check Authentication",
			"protocolProfileBehavior": {
				"disableBodyPruning": true
			},
			"request": {
				"method": "GET",
				"header": [],
				"body": {
					"mode": "raw",
					"raw": "",
					"options": {
						"raw": {
							"language": "json"
						}
					}
				},
				"url": {
					"raw": "http://127.0.0.1:8000/api/account/checkauth/",
					"protocol": "http",
					"host": [
						"127",
						"0",
						"0",
						"1"
					],
					"port": "8000",
					"path": [
						"api",
						"account",
						"checkauth",
						""
					]
				}
			},
			"response": []
		},
		{
			"name": "User Data",
			"request": {
				"method": "GET",
				"header": [],
				"url": {
					"raw": "http://127.0.0.1:8000/api/account/user/",
					"protocol": "http",
					"host": [
						"127",
						"0",
						"0",
						"1"
					],
					"port": "8000",
					"path": [
						"api",
						"account",
						"user",
						""
					]
				}
			},
			"response": []
		},
		{
			"name": "Update User Data",
			"request": {
				"method": "PATCH",
				"header": [
					{
						"key": "X-CSRFToken",
						"value": "QFu7kyDqC3NlAzM6nsWcuYKLfty4Fru0",
						"type": "default"
					}
				],
				"body": {
					"mode": "raw",
					"raw": "{\r\n    \"name\":\"Rahul\"\r\n}",
					"options": {
						"raw": {
							"language": "json"
						}
					}
				},
				"url": {
					"raw": "http://127.0.0.1:8000/api/account/user/",
					"protocol": "http",
					"host": [
						"127",
						"0",
						"0",
						"1"
					],
					"port": "8000",
					"path": [
						"api",
						"account",
						"user",
						""
					]
				}
			},
			"response": []
		},
		{
			"name": "Change Password",
			"request": {
				"auth": {
					"type": "noauth"
				},
				"method": "POST",
				"header": [
					{
						"key": "X-CSRFToken",
						"value": "QFu7kyDqC3NlAzM6nsWcuYKLfty4Fru0",
						"type": "default"
					}
				],
				"body": {
					"mode": "raw",
					"raw": "{\r\n    \"old_password\":\"Hello123456\",\r\n    \"new_password\":\"Hello123@\"\r\n}",
					"options": {
						"raw": {
							"language": "json"
						}
					}
				},
				"url": {
					"raw": "http://127.0.0.1:8000/api/account/change_password/",
					"protocol": "http",
					"host": [
						"127",
						"0",
						"0",
						"1"
					],
					"port": "8000",
					"path": [
						"api",
						"account",
						"change_password",
						""
					]
				}
			},
			"response": []
		},
		{
			"name": "Delete Account",
			"request": {
				"method": "DELETE",
				"header": [
					{
						"key": "X-CSRFToken",
						"value": "H5e8olhSXoDrR2BTFeEjL9oUmkLmhqbM",
						"type": "default"
					}
				],
				"body": {
					"mode": "raw",
					"raw": "",
					"options": {
						"raw": {
							"language": "json"
						}
					}
				},
				"url": {
					"raw": "http://127.0.0.1:8000/api/account/delete/",
					"protocol": "http",
					"host": [
						"127",
						"0",
						"0",
						"1"
					],
					"port": "8000",
					"path": [
						"api",
						"account",
						"delete",
						""
					]
				}
			},
			"response": []
		},
		{
			"name": "Logout",
			"request": {
				"method": "POST",
				"header": [
					{
						"key": "X-CSRFToken",
						"value": "yGLGYhqepjQZ6ackbaSnrZ8grVBAy4AQ",
						"type": "default"
					}
				],
				"url": {
					"raw": "http://127.0.0.1:8000/api/account/logout/",
					"protocol": "http",
					"host": [
						"127",
						"0",
						"0",
						"1"
					],
					"port": "8000",
					"path": [
						"api",
						"account",
						"logout",
						""
					]
				}
			},
			"response": []
		},
		{
			"name": "Reset Password",
			"request": {
				"method": "POST",
				"header": [
					{
						"key": "X-CSRFToken",
						"value": "y9yz6nCHXx7kKHkwylGIaKPICmReqZQ6",
						"type": "default"
					}
				],
				"body": {
					"mode": "raw",
					"raw": "{\r\n    \"email\":\"user@example.com\"\r\n}",
					"options": {
						"raw": {
							"language": "json"
						}
					}
				},
				"url": {
					"raw": "http://127.0.0.1:8000/api/account/reset_password/",
					"protocol": "http",
					"host": [
						"127",
						"0",
						"0",
						"1"
					],
					"port": "8000",
					"path": [
						"api",
						"account",
						"reset_password",
						""
					]
				}
			},
			"response": []
		},
		{
			"name": "Reset Password Confirmation",
			"event": [
				{
					"listen": "test",
					"script": {
						"exec": [
							""
						],
						"type": "text/javascript"
					}
				}
			],
			"request": {
				"method": "POST",
				"header": [
					{
						"key": "X-CSRFToken",
						"value": "y9yz6nCHXx7kKHkwylGIaKPICmReqZQ6",
						"type": "default"
					}
				],
				"body": {
					"mode": "raw",
					"raw": "{\r\n    \"uid\":\"Mw\",\r\n    \"token\":\"bq0blp-db7e584c33afdde81eb2d5e1f39b816f\",\r\n    \"new_password\":\"jaiho123\"\r\n}",
					"options": {
						"raw": {
							"language": "json"
						}
					}
				},
				"url": {
					"raw": "http://127.0.0.1:8000/api/account/reset_password_confirm/",
					"protocol": "http",
					"host": [
						"127",
						"0",
						"0",
						"1"
					],
					"port": "8000",
					"path": [
						"api",
						"account",
						"reset_password_confirm",
						""
					]
				}
			},
			"response": []
		}
	]
}